ID,class1_x,class2_x,class3_x,class4_x,class5_x,class6_x,class7_x,class8_x,class9_x,class1_y,class2_y,class3_y,class4_y,class5_y,class6_y,class7_y,class8_y,class9_y
1,0,0,0,0,0,0,0,0,0,5.561612999999999e-16,0.99999976,1.6986374e-16,9.907438e-10,5.7352503e-15,3.211771e-18,2.5737575e-07,2.1730915e-20,9.227478000000001e-17
2,0,0,0,0,0,0,0,0,0,6.059292e-16,0.99999976,3.392543e-16,1.4404601e-09,6.6390375e-15,5.0324544e-18,2.381867e-07,3.0720060000000004e-20,1.4144218000000001e-16
3,0,0,0,0,0,0,0,0,0,4.048633e-05,0.00010261212,0.26535574,0.73435694,0.00011230308,4.836428000000001e-07,1.1369489999999998e-05,3.7775774000000002e-06,1.624918e-05
4,0,0,0,0,0,0,0,0,0,0.00045393364,3.2643955e-05,0.0004990904,0.7084372,0.2903656,0.00013439903000000001,7.508364e-05,1.5785758000000001e-06,4.3759448e-07
5,0,0,0,0,0,0,0,0,0,0.00088994054,5.5733828e-05,0.0003245461,0.56849563,0.4297496,0.0003379723,0.00014318457,2.6183236e-06,7.754340999999999e-07
6,0,0,0,0,0,0,0,0,0,0.0008895208599999999,5.5579996e-05,0.00032259754,0.5679824,0.43026608,0.00033758266,0.00014293788999999998,2.6055000000000003e-06,7.713001700000001e-07
7,0,0,0,0,0,0,0,0,0,0.99917006,5.4322014e-18,8.951844e-19,0.0008299466,1.8130562000000002e-15,4.891105e-24,2.6014215e-11,3.7351765e-32,1.385415e-26
8,0,0,0,0,0,0,0,0,0,3.4398158e-11,3.0843322e-14,1.6109478e-05,0.99998045,3.4011246e-06,3.0912096999999997e-15,2.4901859e-14,5.988923e-17,1.2956107e-17
9,0,0,0,0,0,0,0,0,0,3.152931e-18,2.8432886e-19,9.198309000000001e-05,0.999908,6.993446600000001e-13,1.3764736999999998e-25,1.8743499e-21,3.4878763e-24,1.6110928e-23
10,0,0,0,0,0,0,0,0,0,0.0006461672599999999,4.6008714e-05,0.0004905856,0.6567206,0.34176059999999997,0.00022431057999999999,0.00010868395500000001,2.3823238e-06,6.91091e-07
11,0,0,0,0,0,0,0,0,0,2.0087113e-17,1.9691501e-20,7.749542e-08,0.9999998999999999,4.6280784e-09,3.419648e-23,6.884394e-21,4.102376e-25,4.327717e-26
12,0,0,0,0,0,0,0,0,0,1.1439662e-14,6.8390586e-18,4.732215e-05,0.9999527,8.6257657e-10,1.3172204999999999e-20,9.840728999999999e-19,4.008096e-21,4.138467000000001e-21
13,0,0,0,0,0,0,0,0,0,2.3579791e-19,7.21632e-22,2.0166235999999998e-07,0.99999976,4.811306e-11,3.4873413999999996e-26,6.982056999999999e-23,4.336986e-27,1.2230977e-27
14,0,0,0,0,0,0,0,0,0,0.0006596984500000001,4.6975547e-05,0.000489306,0.6534840999999999,0.34497494,0.00023076871,0.0001111068,2.4378974e-06,7.090059000000001e-07
15,0,0,0,0,0,0,0,0,0,9.791842e-26,9.8911254e-29,3.131224e-08,1.0,3.0964377e-16,1.2518924e-35,9.272226999999999e-31,1.5896677999999998e-35,1.7543740999999998e-35
16,0,0,0,0,0,0,0,0,0,0.99976295,7.309358e-20,1.5900786e-21,0.00023700442000000003,2.3247999e-17,2.7241284999999998e-27,3.956967e-12,1.7151122e-36,4.467620999999999e-30
17,0,0,0,0,0,0,0,0,0,1.3711480000000001e-14,8.680532600000001e-17,2.218978e-05,0.9999778,1.1319862e-09,8.125897e-21,6.8032437e-18,8.467665e-21,7.9332405e-21
18,0,0,0,0,0,0,0,0,0,0.00049501465,3.5447665e-05,0.00049876835,0.69606066,0.30267245,0.00015321521,8.212947399999999e-05,1.7520786e-06,4.907912499999999e-07
19,0,0,0,0,0,0,0,0,0,1.1746221e-12,2.0812644000000002e-16,2.7127733000000002e-06,0.99999726,2.482657e-08,4.762110300000001e-19,8.7118186e-17,4.7219675999999996e-20,1.8414903000000004e-20
20,0,0,0,0,0,0,0,0,0,1.7768362e-07,6.1949987e-09,6.6030947e-07,1.4250469e-05,3.8951686e-05,0.9999459,2.7757334e-08,2.460327e-08,2.4891389e-08
21,0,0,0,0,0,0,0,0,0,5.7882287e-05,5.406448e-06,0.0006933289999999999,0.92360955,0.07561996,4.2907996e-06,9.542197e-06,1.4258269000000001e-07,3.0181976000000004e-08
22,0,0,0,0,0,0,0,0,0,0.00023271537999999996,1.8331070000000003e-05,0.00052212813,0.8006225,0.19852121,4.3878230000000005e-05,3.8371443e-05,7.097188e-07,1.8069517999999998e-07
23,0,0,0,0,0,0,0,0,0,5.1054913999999996e-05,4.6431396000000007e-05,0.23070090000000001,0.76900816,0.00016988858,5.893450999999999e-07,8.081619999999999e-06,3.1389187999999997e-06,1.1703723e-05
24,0,0,0,0,0,0,0,0,0,4.1660576e-05,8.861176e-05,0.26063532,0.7390838000000001,0.00012041673999999999,4.990795e-07,1.0632168999999998e-05,3.6789513e-06,1.5382446e-05
25,0,0,0,0,0,0,0,0,0,3.7937643e-05,0.00013322821000000002,0.27020879999999997,0.72948694,9.915695e-05,4.4343318e-07,1.2653077000000001e-05,3.7429183999999996e-06,1.7107142e-05
26,0,0,0,0,0,0,0,0,0,1.6201711000000002e-16,1.2197339999999999e-19,2.443128e-07,0.99999976,2.1216293e-10,4.7107787e-24,1.4271719999999997e-20,1.0839452e-24,3.6701561e-25
27,0,0,0,0,0,0,0,0,0,2.67608e-13,2.780408e-16,1.3115903e-07,0.9999998999999999,2.5322232999999995e-08,2.2268665000000003e-20,1.2271848e-16,2.5237062000000003e-21,6.790882e-22
28,0,0,0,0,0,0,0,0,0,1.3689331e-09,1.1092067e-06,1.9418459999999997e-28,3.696722e-11,1.5156462e-17,7.835242999999999e-28,0.9999988999999999,4.3362204e-35,1.0984527e-28
29,0,0,0,0,0,0,0,0,0,1.1729721e-17,1.7618476e-17,7.827622e-06,0.99999213,8.1129175e-12,7.3100949999999995e-25,1.1642469e-19,1.1877463000000001e-23,2.3165781e-23
30,0,0,0,0,0,0,0,0,0,1.3225667999999999e-17,1.760048e-17,7.536264999999999e-06,0.9999925,9.29204e-12,8.505975000000001e-25,1.2477453e-19,1.2863393e-23,2.4143347999999998e-23
31,0,0,0,0,0,0,0,0,0,2.832711e-09,5.8672835e-08,4.050458e-31,1.9259594e-11,4.1008086e-19,7.717915e-31,1.0,0.0,6.539944499999999e-32
32,0,0,0,0,0,0,0,0,0,1.7075202e-16,2.3565542e-17,3.0378744e-06,0.9999969999999999,1.4589063000000001e-10,1.8554345000000003e-23,6.1817927e-19,6.852061999999999e-23,5.876617400000001e-23
33,0,0,0,0,0,0,0,0,0,2.7472161000000002e-18,1.0,7.280064e-19,5.4411519999999995e-11,3.5100873e-17,3.7782974e-22,3.286869e-08,2.4673968e-23,3.0287683000000004e-19
34,0,0,0,0,0,0,0,0,0,3.9944537e-09,2.971671e-06,1.0837591999999998e-26,1.4932554e-10,1.764635e-16,4.3093364e-26,0.9999969999999999,7.529039999999999e-33,6.896233599999999e-27
35,0,0,0,0,0,0,0,0,0,6.574686e-12,1.2523446e-13,0.00048544264000000004,0.9995146,2.8364398999999997e-08,6.458347e-17,1.09257645e-14,1.0498098600000001e-16,1.5812988000000001e-16
36,0,0,0,0,0,0,0,0,0,6.309017e-12,1.2282245e-13,0.00048976555,0.99951017,2.7313162000000003e-08,6.1013093e-17,1.0560843999999999e-14,1.014189e-16,1.5429416999999998e-16
37,0,0,0,0,0,0,0,0,0,0.6248146,0.00023337296000000001,0.0014539675,0.3693522,0.0022040107,0.00010776283,0.0018026057000000001,4.5712822999999995e-06,2.6887859999999998e-05
38,0,0,0,0,0,0,0,0,0,0.62488747,0.00023468894,0.001458021,0.36926052,0.0022084496,0.00010821177,0.0018109708,4.5987740000000005e-06,2.7044944e-05
39,0,0,0,0,0,0,0,0,0,7.686296e-16,2.757349e-16,8.827790600000001e-05,0.99991167,4.3839855e-11,2.0545603e-22,2.8914162e-18,3.2811516e-21,8.793353e-21
40,0,0,0,0,0,0,0,0,0,4.078601e-16,2.2592243e-16,8.721651e-05,0.99991274,2.5513223e-11,8.972124699999998e-23,1.8489664e-18,1.8251861e-21,5.445882e-21
41,0,0,0,0,0,0,0,0,0,0.9995678,9.244018e-19,1.9967497e-20,0.00043222093,1.746836e-16,6.323142e-26,1.9381918e-11,1.1464975e-34,1.4896372e-28
42,0,0,0,0,0,0,0,0,0,0.62351716,0.00021185532000000002,0.0013853742,0.37096414,0.0021281082,0.0001002443,0.0016646144,4.119693e-06,2.43078e-05
43,0,0,0,0,0,0,0,0,0,0.99968183,7.992124e-20,2.457307e-21,0.00031818636,2.0975251999999998e-17,3.064582e-27,3.2723446e-12,2.1524042999999995e-36,5.648092e-30
44,0,0,0,0,0,0,0,0,0,1.7239345e-11,3.3549334000000003e-19,1.9447652e-09,1.0,1.4151369e-09,5.0167279999999995e-22,2.159657e-18,4.5140110000000004e-24,1.8556868000000003e-24
45,0,0,0,0,0,0,0,0,0,0.9999870999999999,2.7370767e-25,2.6559093999999996e-28,1.2852553000000001e-05,1.1645413000000001e-22,8.450674e-36,4.639318e-15,0.0,0.0
46,0,0,0,0,0,0,0,0,0,2.5766334e-12,2.8213947e-16,3.1951126e-06,0.99999666,8.460357999999999e-08,3.0577476e-18,1.6336146000000001e-16,1.3757389000000001e-19,3.8325504e-20
47,0,0,0,0,0,0,0,0,0,0.9998203999999999,4.0117261999999996e-21,1.7199010000000002e-22,0.0001796338,1.7683508e-18,8.164351999999999e-29,4.180282e-13,2.0266457999999997e-38,1.1294361e-31
48,0,0,0,0,0,0,0,0,0,9.5276726e-14,3.1083732000000003e-16,1.9433353e-06,0.9999981,1.7077342e-08,6.08273e-20,5.7333536e-17,1.446446e-20,4.5851647e-21
49,0,0,0,0,0,0,0,0,0,2.8709589999999996e-14,1.1314142e-19,1.560778e-08,1.0,6.889832e-10,3.4973126000000003e-23,8.543424499999999e-20,1.2860735000000002e-24,3.6727760999999997e-25
50,0,0,0,0,0,0,0,0,0,0.9992619,1.7054117e-17,8.677354e-19,0.00073811796,2.1271710000000004e-15,5.6826416000000005e-24,7.65555e-11,6.433112e-32,2.5462452e-26
51,0,0,0,0,0,0,0,0,0,0.9999583000000001,5.166036e-22,3.3970098e-25,4.177647e-05,5.526266000000001e-20,1.145395e-31,6.4025624e-13,0.0,1.3664131000000001e-34
52,0,0,0,0,0,0,0,0,0,6.9528087e-19,8.861949e-22,1.2706539e-07,0.9999998999999999,1.1180772e-11,8.3879025e-27,5.1558723999999994e-23,2.7089586999999997e-27,1.0102888e-27
53,0,0,0,0,0,0,0,0,0,0.9999536,3.0224357000000003e-23,2.0303886e-25,4.6355329999999995e-05,1.3631575e-20,2.5186417999999996e-32,4.0861618e-14,0.0,1.8436802e-35
54,0,0,0,0,0,0,0,0,0,0.99963546,1.396271e-18,2.6274201000000003e-20,0.00036453234,1.7229762999999997e-16,8.6917335e-26,2.37607e-11,2.3908896e-34,2.8188634999999997e-28
55,0,0,0,0,0,0,0,0,0,0.9999449,5.580115999999999e-23,4.848472e-25,5.5067896e-05,2.5366755000000005e-20,7.136336999999999e-32,5.418226499999999e-14,0.0,5.645191e-35
56,0,0,0,0,0,0,0,0,0,3.4173109999999996e-11,1.6138722000000001e-15,1.2931948e-06,0.9999986999999999,5.819906700000001e-08,4.127832e-18,1.4228741e-15,3.2920098e-19,1.4871118e-19
57,0,0,0,0,0,0,0,0,0,0.99998903,1.5434971999999999e-25,1.1794094999999999e-28,1.1019696e-05,6.510232399999999e-23,3.1661873e-36,3.563125e-15,0.0,0.0
58,0,0,0,0,0,0,0,0,0,0.99950063,1.3810862e-19,2.3464576e-20,0.00049935485,7.859694000000001e-17,3.2220062e-26,2.4984252999999996e-12,5.882880999999999e-35,6.404708999999999e-29
59,0,0,0,0,0,0,0,0,0,0.9926162000000001,6.396518000000001e-11,5.256651999999999e-13,0.007381655,2.9202857e-10,3.30531e-16,2.2643355e-06,2.2330772999999998e-21,1.4430624e-17
60,0,0,0,0,0,0,0,0,0,0.99997616,2.7410603e-24,6.8122384e-27,2.389861e-05,1.1983141000000002e-21,4.2641949999999994e-34,1.3499035000000001e-14,0.0,2.3106028e-37
61,0,0,0,0,0,0,0,0,0,1.8045781000000002e-14,1.0504664000000001e-19,1.855086e-08,1.0,6.2763156e-10,2.8037344e-23,6.778286e-20,1.1568508999999998e-24,3.3232070000000003e-25
62,0,0,0,0,0,0,0,0,0,3.7072648e-06,3.8443389999999994e-08,0.00029507240000000004,0.9996934000000001,7.876916e-06,1.8619859e-11,1.8624966000000002e-08,2.3791101000000002e-11,5.0434109999999995e-11
63,0,0,0,0,0,0,0,0,0,5.9381673e-19,5.876767e-24,1.9705364e-09,1.0,2.681238e-11,8.604355e-28,1.6524475e-24,1.2173946e-29,1.2424613999999999e-30
64,0,0,0,0,0,0,0,0,0,0.9999856,4.2504664e-25,4.968855e-28,1.4478934999999999e-05,1.8229315e-22,1.8009739999999997e-35,5.67664e-15,0.0,0.0
65,0,0,0,0,0,0,0,0,0,0.99976236,3.03029e-19,2.9960577e-21,0.00023769874,3.637733e-17,6.4335278e-27,1.1792557000000001e-11,7.406577999999999e-36,1.7269808e-29
66,0,0,0,0,0,0,0,0,0,3.5681470000000004e-20,1.8663711e-24,3.841352e-09,1.0,4.4050492e-12,5.448080999999999e-29,2.4138532e-25,2.1548869999999998e-30,3.2461036999999996e-31
67,0,0,0,0,0,0,0,0,0,4.261094e-14,3.5964703e-07,4.6100583e-36,2.4417876e-15,4.132349e-22,1.6339284999999998e-34,0.99999964,0.0,2.1627619999999997e-35
68,0,0,0,0,0,0,0,0,0,1.2111736000000001e-13,6.002802600000001e-07,7.411757999999999e-35,7.667061e-15,2.156417e-21,2.3212274e-33,0.9999994000000001,0.0,3.2662566e-34
69,0,0,0,0,0,0,0,0,0,4.3722303e-14,3.492467e-07,4.467404e-36,2.468357e-15,4.0542003e-22,1.5641453e-34,0.99999964,0.0,2.0589409999999997e-35
70,0,0,0,0,0,0,0,0,0,0.9995443000000002,9.254042999999999e-17,1.4633796999999998e-19,0.0004556087,1.6042773999999998e-15,1.7052889999999997e-24,7.970059599999999e-10,1.4954863999999997e-32,1.1194131999999999e-26
71,0,0,0,0,0,0,0,0,0,7.4733274e-24,1.0,6.4591655e-25,1.7596376e-14,1.7250991999999999e-22,8.4261867e-29,1.3996822e-10,1.2463445e-30,3.5058712e-25
72,0,0,0,0,0,0,0,0,0,0.9991648000000001,3.7844099999999996e-16,3.702273e-18,0.000835232,1.7651467e-14,7.876145e-23,1.1105524e-09,2.1200304e-30,5.169042e-25
73,0,0,0,0,0,0,0,0,0,3.7071342000000005e-14,2.4416887000000004e-16,9.812224999999999e-06,0.9999902,6.731053000000001e-09,4.9533795e-20,2.8429940000000005e-17,2.2395896e-20,1.1759653999999999e-20
74,0,0,0,0,0,0,0,0,0,0.9997502,4.5307996e-19,3.1980194e-21,0.00024975205,5.4880072e-17,8.6151815e-27,1.787753e-11,9.870416999999999e-36,2.1239050000000002e-29
75,0,0,0,0,0,0,0,0,0,7.379051e-24,1.0,6.3695376e-25,1.7462003999999998e-14,1.7052679e-22,8.289540999999999e-29,1.3929335e-10,1.2258333e-30,3.4570916999999996e-25
76,0,0,0,0,0,0,0,0,0,4.4413549999999994e-05,0.97084945,6.80138e-06,0.0012971387,0.00010234985000000001,3.7625286e-06,0.02768439,1.2094946000000001e-06,1.0522737e-05
77,0,0,0,0,0,0,0,0,0,9.038540000000001e-05,0.9426953000000001,6.8644535999999995e-06,0.0014089835,0.00018982840000000001,5.6510867000000004e-06,0.055588055,1.7231783000000001e-06,1.3271047e-05
78,0,0,0,0,0,0,0,0,0,3.9145566e-06,0.00584545,1.7238348999999998e-14,1.4313273999999998e-06,3.2705358e-09,7.222057999999999e-14,0.9941492000000001,7.2837316e-17,4.087462e-14
79,0,0,0,0,0,0,0,0,0,0.0018435079999999998,0.25398424,2.58214e-06,0.0022241913,0.00047472652,6.639879e-06,0.74145764,6.681864300000001e-07,5.7781979999999995e-06
80,0,0,0,0,0,0,0,0,0,1.3895583999999999e-12,0.9999707,4.645628e-14,3.2544154e-08,9.5557754e-12,1.5543424999999999e-15,2.9293737e-05,1.7413846e-16,8.551221e-14
81,0,0,0,0,0,0,0,0,0,1.0243127999999998e-05,0.99001044,4.287227e-06,0.00093541644,2.4620965999999997e-05,1.0382652e-06,0.00900918,3.1561106e-07,4.3655354999999996e-06
82,0,0,0,0,0,0,0,0,0,7.0316720000000004e-12,2.4052026e-05,1.452828e-28,1.3004258999999998e-12,1.15777195e-17,3.3117466999999995e-27,0.9999759,3.0278653e-33,9.062035e-28
83,0,0,0,0,0,0,0,0,0,6.870522999999999e-12,2.4554387e-05,1.4711421999999999e-28,1.2856181e-12,1.16645585e-17,3.3765484999999996e-27,0.99997544,3.1490326e-33,9.290813e-28
84,0,0,0,0,0,0,0,0,0,2.7329532e-22,1.0,1.2492626e-22,3.6890377e-13,5.511314e-21,5.1094594e-27,4.91815e-10,2.1871046e-28,2.4155689999999997e-23
85,0,0,0,0,0,0,0,0,0,6.148985e-11,3.0481065e-06,2.7578077e-29,3.6267193999999998e-12,4.4092085e-18,2.7734123e-28,0.9999969000000001,3.6275764e-35,4.920639e-29
86,0,0,0,0,0,0,0,0,0,7.141855999999999e-20,6.632811e-05,0.0,1.6221084000000001e-19,3.6810463999999998e-25,0.0,0.9999336999999999,0.0,0.0
87,0,0,0,0,0,0,0,0,0,2.4982439999999996e-19,1.9676509e-06,0.0,9.2125e-20,3.1289977e-26,0.0,0.9999979999999999,0.0,0.0
88,0,0,0,0,0,0,0,0,0,0.99901664,2.702474e-15,1.1791775e-17,0.000983371,6.398493999999999e-14,4.6742515e-22,5.4344698e-09,2.3759183999999998e-29,4.2099148e-24
89,0,0,0,0,0,0,0,0,0,1.7352906000000003e-21,5.905239e-24,1.5032231000000003e-08,1.0,2.0763091e-13,8.717498e-31,1.1621537e-25,8.781447e-31,3.6504164e-31
90,0,0,0,0,0,0,0,0,0,0.9999573,6.514597e-23,1.7609863e-25,4.2693206e-05,2.1953453999999997e-20,3.318898e-32,1.01107416e-13,0.0,2.4141798e-35
91,0,0,0,0,0,0,0,0,0,3.823851799999999e-24,2.5191323999999997e-25,3.4648053e-08,1.0,1.2050205999999999e-15,2.884663e-34,7.0127115e-28,3.7522929999999995e-33,5.0045055999999995e-33
92,0,0,0,0,0,0,0,0,0,1.1614818e-22,1.7992589999999998e-24,2.6736789000000002e-08,1.0,2.072569e-14,2.6095205e-32,1.3644443e-26,1.0105335999999999e-31,7.680699e-32
93,0,0,0,0,0,0,0,0,0,5.2429684e-21,6.3088926e-24,7.879568e-09,1.0,6.067375299999999e-13,3.1056308999999996e-30,2.1545389999999997e-25,1.282547e-30,3.7558196e-31
94,0,0,0,0,0,0,0,0,0,0.9998982,5.5936288e-21,2.0930965e-23,0.00010179676,9.922061999999998e-19,1.442625e-29,1.4684362e-12,0.0,2.0208960999999996e-32
95,0,0,0,0,0,0,0,0,0,1.1569735e-18,1.367095e-20,1.03231045e-07,0.9999998999999999,1.1682936e-11,7.909912e-27,4.47303e-22,8.453366999999999e-27,3.7082063e-27
96,0,0,0,0,0,0,0,0,0,6.8223765e-15,1.1408235e-18,1.1420740999999999e-07,0.9999998999999999,1.9358977e-09,1.8413176e-22,3.3058565000000004e-19,1.6196835000000002e-23,4.157200700000001e-24
97,0,0,0,0,0,0,0,0,0,7.7536984e-19,1.0,1.1988879e-19,1.9479932e-11,1.1020864e-17,8.050844e-23,2.3057787e-08,3.9565524e-24,6.507980000000001e-20
98,0,0,0,0,0,0,0,0,0,2.7362518e-15,5.2374504e-16,2.948255e-05,0.99997056,4.4480157999999996e-10,1.5310866e-21,1.2479287999999999e-17,7.999248000000001e-21,1.0491735000000001e-20
99,0,0,0,0,0,0,0,0,0,4.4839628e-13,6.905712700000001e-15,2.0191235e-05,0.99997973,1.8474323e-08,8.4457855e-19,7.3474724e-16,7.0728073e-19,4.470218e-19
100,0,0,0,0,0,0,0,0,0,0.9998646000000001,1.3273594e-19,1.4114938e-22,0.0001354128,7.020282e-18,2.4217584e-28,1.6932141e-11,9.245686e-38,6.0227567e-31
101,0,0,0,0,0,0,0,0,0,0.9996356,4.693294000000001e-19,1.0783569999999999e-20,0.00036443993999999997,8.554214e-17,2.4202272999999996e-26,1.0783661e-11,4.1958359999999993e-35,6.280289e-29
102,0,0,0,0,0,0,0,0,0,3.616196e-16,2.8650215000000005e-19,1.3202186000000003e-08,0.9999998999999999,4.7264237e-08,2.9672148e-22,1.7452432999999999e-19,2.5613627e-24,1.1441928e-25
103,0,0,0,0,0,0,0,0,0,0.99991596,9.531377e-22,5.5543614e-24,8.4090454e-05,1.0097501e-18,5.1550869999999996e-30,4.324734e-13,0.0,2.5919289999999997e-33
104,0,0,0,0,0,0,0,0,0,1.8413361e-25,6.526425e-28,1.5561083e-08,1.0,2.0670910999999997e-16,5.9502245e-36,3.3118844e-30,2.4220685e-35,2.8735137e-35
105,0,0,0,0,0,0,0,0,0,0.99903107,1.2070294e-17,2.0949585000000003e-19,0.0009689466699999999,9.455868e-14,1.6449129999999999e-23,9.768686999999999e-11,5.511512e-32,5.8375872999999996e-27
106,0,0,0,0,0,0,0,0,0,1.4902541e-09,2.5298972e-09,1.0148432e-13,0.00070465094,0.99929523,4.0950819999999996e-08,4.139767e-08,2.618668e-16,1.7249206e-17
107,0,0,0,0,0,0,0,0,0,0.99971575,5.0630976e-19,6.3849370000000005e-21,0.0002842498,1.3843292e-16,2.6677602999999995e-26,1.5273562e-11,3.4155267999999997e-35,4.620542999999999e-29
108,0,0,0,0,0,0,0,0,0,0.9998759,1.074153e-20,7.332264000000001e-23,0.00012406046,3.587551e-18,8.779295e-29,1.8394665e-12,1.652426e-38,1.0053178e-31
109,0,0,0,0,0,0,0,0,0,4.5398796e-11,9.9496505e-12,1.5002297e-14,0.0009294142,0.9990706,4.3843500000000005e-08,1.876989e-10,5.2761265e-18,1.3676135000000001e-19
110,0,0,0,0,0,0,0,0,0,0.9998565,7.843398e-20,1.9487951999999998e-22,0.00014349486,8.499366999999999e-18,3.201143e-28,9.64258e-12,1.2138208e-37,6.5251296e-31
111,0,0,0,0,0,0,0,0,0,2.5189468e-07,6.614015000000001e-09,5.777729e-14,0.0007145352,0.9992841,7.1843083e-09,1.1734344e-06,1.3180558999999997e-16,4.6110065e-17
112,0,0,0,0,0,0,0,0,0,2.1193465e-19,2.9589292000000004e-22,2.5776999999999996e-07,0.99999976,1.9015023999999997e-12,1.1549615999999999e-27,1.0736863e-23,8.364061e-28,5.3253297e-28
113,0,0,0,0,0,0,0,0,0,1.9381157000000002e-07,1.1958895e-14,1.4326193e-07,0.9999995,1.8785042000000002e-07,2.8420025e-16,1.2632610999999998e-13,3.0938002e-18,2.728624e-18
114,0,0,0,0,0,0,0,0,0,4.6228257e-10,3.8633642e-13,1.6931252e-05,0.9999825000000001,6.389873e-07,1.3170420000000002e-15,1.9527335e-13,2.273318e-16,1.1837721000000002e-16
115,0,0,0,0,0,0,0,0,0,0.50550014,0.007792956,0.00011401184,0.38228998,0.0031843449,1.6015997999999998e-05,0.10109571,5.160638e-07,6.3841103e-06
116,0,0,0,0,0,0,0,0,0,0.97342414,1.015969e-07,4.0725567000000004e-10,0.02626659,1.6210849e-07,3.5456453e-12,0.00030906894,3.8321626000000003e-16,3.0275652e-13
117,0,0,0,0,0,0,0,0,0,0.97035295,1.0211991e-06,1.3446738000000001e-10,0.02529998,2.0462602000000002e-07,2.4803930000000002e-12,0.0043457747,1.8829816e-16,2.5585228e-13
118,0,0,0,0,0,0,0,0,0,0.9892970999999999,7.1744193e-09,2.511743e-12,0.010559462,3.9450256e-09,9.151357500000001e-15,0.0001433543,1.199694e-19,5.7419077e-16
119,0,0,0,0,0,0,0,0,0,0.72667307,0.0012905799000000001,9.438824699999999e-07,0.15705332,0.000105506384,7.906596e-08,0.11487647,3.281285e-10,2.6210905e-08
120,0,0,0,0,0,0,0,0,0,0.9562056000000001,4.052195e-06,5.341414e-10,0.03523094,4.2455605e-07,1.1053384e-11,0.00855891,1.6156457999999997e-15,1.5531907e-12
121,0,0,0,0,0,0,0,0,0,0.91651183,2.2497043e-05,6.1674527e-10,0.046366695,1.1301651e-06,2.2235089e-11,0.037097935,3.6027763000000004e-15,3.0505925e-12
122,0,0,0,0,0,0,0,0,0,0.9787546,2.9984278000000004e-07,2.0328156e-11,0.018915782,4.494265e-08,2.3308986e-13,0.0023293362,7.946654e-18,2.0547630000000002e-14
123,0,0,0,0,0,0,0,0,0,0.851908,7.54119e-05,6.577739999999999e-08,0.12882216,1.6458229e-05,2.2463615e-09,0.019177867,2.7622824e-12,4.536578e-10
124,0,0,0,0,0,0,0,0,0,0.93687165,4.6249374000000005e-06,4.078658e-09,0.05893645,1.6700329e-06,8.0825846e-11,0.004185574,2.7623264e-14,1.1152227000000001e-11
125,0,0,0,0,0,0,0,0,0,0.9717826999999999,6.943406999999999e-07,1.696769e-10,0.025669955,1.6689671e-07,2.459593e-12,0.0025465428,2.0833721999999998e-16,2.6331712000000005e-13
126,0,0,0,0,0,0,0,0,0,0.7869166999999999,0.0004963165,9.387807e-08,0.0944404,3.136643e-05,8.113138e-09,0.1181152,1.1982147e-11,1.9851332e-09
127,0,0,0,0,0,0,0,0,0,0.93814623,4.32581e-06,3.7872008e-09,0.057805944000000005,1.5747967e-06,7.400164e-11,0.0040419296999999995,2.4471165e-14,1.0117753e-11
128,0,0,0,0,0,0,0,0,0,0.97978103,2.4790018e-07,1.6495166e-11,0.018124066,3.8211034e-08,1.7984689e-13,0.002094729,5.6026725e-18,1.5461356999999997e-14
129,0,0,0,0,0,0,0,0,0,0.8475396000000001,0.00019373008,4.4307463e-08,0.08838794400000001,2.4829751e-05,3.5804757e-09,0.06385379,3.4994772000000004e-12,6.398023e-10
130,0,0,0,0,0,0,0,0,0,0.98011154,2.325756e-07,1.5386035999999997e-11,0.017867219,3.6193967000000006e-08,1.6493572e-13,0.0020210734,4.9860946e-18,1.4061324999999999e-14
131,0,0,0,0,0,0,0,0,0,0.8340421999999998,0.00012917489,6.013710400000001e-08,0.13437235,1.734811e-05,2.2530378e-09,0.03143889,2.7687752e-12,4.8396825e-10
132,0,0,0,0,0,0,0,0,0,0.9773347,2.5753693e-07,4.4587296e-11,0.021047367,6.5695936e-08,4.8827283e-13,0.0016175879999999999,2.2562253e-17,4.410746e-14
133,0,0,0,0,0,0,0,0,0,0.8351497999999999,0.00023585870999999999,9.002197000000001e-08,0.09908777,2.5018844e-05,5.9321135e-09,0.06550141400000001,7.938124e-12,1.3449291e-09
134,0,0,0,0,0,0,0,0,0,0.95217514,1.8189908e-06,1.4380188e-09,0.045256704,7.270119e-07,2.3125163e-11,0.0025656592999999998,4.9640963e-15,2.8090846000000002e-12
135,0,0,0,0,0,0,0,0,0,0.9757316999999999,1.0196797e-07,3.9802737e-11,0.023719067000000003,3.726802e-08,2.3977315e-13,0.0005490993,1.1325151999999999e-17,2.1512065000000002e-14
136,0,0,0,0,0,0,0,0,0,0.98698866,7.3757374e-09,4.920044999999999e-12,0.012903498000000001,6.3361889999999995e-09,1.7308856e-14,0.00010791305,3.050949e-19,1.0614765999999999e-15
137,0,0,0,0,0,0,0,0,0,0.16429901,0.05967082,2.6472213000000003e-05,0.15921775,0.0021370694,7.761136e-06,0.61463636,2.7895185999999996e-07,4.538286700000001e-06
138,0,0,0,0,0,0,0,0,0,0.73921543,5.8904763000000004e-05,4.7916048e-05,0.2581735,0.00042683718,2.0601487e-06,0.0020748363,2.6922091e-08,4.114537e-07
139,0,0,0,0,0,0,0,0,0,,,,,,,,,
140,0,0,0,0,0,0,0,0,0,,,,,,,,,
141,0,0,0,0,0,0,0,0,0,,,,,,,,,
142,0,0,0,0,0,0,0,0,0,,,,,,,,,
143,0,0,0,0,0,0,0,0,0,,,,,,,,,
144,0,0,0,0,0,0,0,0,0,,,,,,,,,
145,0,0,0,0,0,0,0,0,0,,,,,,,,,
146,0,0,0,0,0,0,0,0,0,,,,,,,,,
147,0,0,0,0,0,0,0,0,0,,,,,,,,,
148,0,0,0,0,0,0,0,0,0,,,,,,,,,
149,0,0,0,0,0,0,0,0,0,,,,,,,,,
150,0,0,0,0,0,0,0,0,0,,,,,,,,,
151,0,0,0,0,0,0,0,0,0,,,,,,,,,
152,0,0,0,0,0,0,0,0,0,,,,,,,,,
153,0,0,0,0,0,0,0,0,0,,,,,,,,,
154,0,0,0,0,0,0,0,0,0,,,,,,,,,
155,0,0,0,0,0,0,0,0,0,,,,,,,,,
156,0,0,0,0,0,0,0,0,0,,,,,,,,,
157,0,0,0,0,0,0,0,0,0,,,,,,,,,
158,0,0,0,0,0,0,0,0,0,,,,,,,,,
159,0,0,0,0,0,0,0,0,0,,,,,,,,,
160,0,0,0,0,0,0,0,0,0,,,,,,,,,
161,0,0,0,0,0,0,0,0,0,,,,,,,,,
162,0,0,0,0,0,0,0,0,0,,,,,,,,,
163,0,0,0,0,0,0,0,0,0,,,,,,,,,
164,0,0,0,0,0,0,0,0,0,,,,,,,,,
165,0,0,0,0,0,0,0,0,0,,,,,,,,,
166,0,0,0,0,0,0,0,0,0,,,,,,,,,
167,0,0,0,0,0,0,0,0,0,,,,,,,,,
168,0,0,0,0,0,0,0,0,0,,,,,,,,,
169,0,0,0,0,0,0,0,0,0,,,,,,,,,
170,0,0,0,0,0,0,0,0,0,,,,,,,,,
171,0,0,0,0,0,0,0,0,0,,,,,,,,,
172,0,0,0,0,0,0,0,0,0,,,,,,,,,
173,0,0,0,0,0,0,0,0,0,,,,,,,,,
174,0,0,0,0,0,0,0,0,0,,,,,,,,,
175,0,0,0,0,0,0,0,0,0,,,,,,,,,
176,0,0,0,0,0,0,0,0,0,,,,,,,,,
177,0,0,0,0,0,0,0,0,0,,,,,,,,,
178,0,0,0,0,0,0,0,0,0,,,,,,,,,
179,0,0,0,0,0,0,0,0,0,,,,,,,,,
180,0,0,0,0,0,0,0,0,0,,,,,,,,,
181,0,0,0,0,0,0,0,0,0,,,,,,,,,
182,0,0,0,0,0,0,0,0,0,,,,,,,,,
183,0,0,0,0,0,0,0,0,0,,,,,,,,,
184,0,0,0,0,0,0,0,0,0,,,,,,,,,
185,0,0,0,0,0,0,0,0,0,,,,,,,,,
186,0,0,0,0,0,0,0,0,0,,,,,,,,,
187,0,0,0,0,0,0,0,0,0,,,,,,,,,
188,0,0,0,0,0,0,0,0,0,,,,,,,,,
189,0,0,0,0,0,0,0,0,0,,,,,,,,,
190,0,0,0,0,0,0,0,0,0,,,,,,,,,
191,0,0,0,0,0,0,0,0,0,,,,,,,,,
192,0,0,0,0,0,0,0,0,0,,,,,,,,,
193,0,0,0,0,0,0,0,0,0,,,,,,,,,
194,0,0,0,0,0,0,0,0,0,,,,,,,,,
195,0,0,0,0,0,0,0,0,0,,,,,,,,,
196,0,0,0,0,0,0,0,0,0,,,,,,,,,
197,0,0,0,0,0,0,0,0,0,,,,,,,,,
198,0,0,0,0,0,0,0,0,0,,,,,,,,,
199,0,0,0,0,0,0,0,0,0,,,,,,,,,
200,0,0,0,0,0,0,0,0,0,,,,,,,,,
201,0,0,0,0,0,0,0,0,0,,,,,,,,,
202,0,0,0,0,0,0,0,0,0,,,,,,,,,
203,0,0,0,0,0,0,0,0,0,,,,,,,,,
204,0,0,0,0,0,0,0,0,0,,,,,,,,,
205,0,0,0,0,0,0,0,0,0,,,,,,,,,
206,0,0,0,0,0,0,0,0,0,,,,,,,,,
207,0,0,0,0,0,0,0,0,0,,,,,,,,,
208,0,0,0,0,0,0,0,0,0,,,,,,,,,
209,0,0,0,0,0,0,0,0,0,,,,,,,,,
210,0,0,0,0,0,0,0,0,0,,,,,,,,,
211,0,0,0,0,0,0,0,0,0,,,,,,,,,
212,0,0,0,0,0,0,0,0,0,,,,,,,,,
213,0,0,0,0,0,0,0,0,0,,,,,,,,,
214,0,0,0,0,0,0,0,0,0,,,,,,,,,
215,0,0,0,0,0,0,0,0,0,,,,,,,,,
216,0,0,0,0,0,0,0,0,0,,,,,,,,,
217,0,0,0,0,0,0,0,0,0,,,,,,,,,
218,0,0,0,0,0,0,0,0,0,,,,,,,,,
219,0,0,0,0,0,0,0,0,0,,,,,,,,,
220,0,0,0,0,0,0,0,0,0,,,,,,,,,
221,0,0,0,0,0,0,0,0,0,,,,,,,,,
222,0,0,0,0,0,0,0,0,0,,,,,,,,,
223,0,0,0,0,0,0,0,0,0,,,,,,,,,
224,0,0,0,0,0,0,0,0,0,,,,,,,,,
225,0,0,0,0,0,0,0,0,0,,,,,,,,,
226,0,0,0,0,0,0,0,0,0,,,,,,,,,
227,0,0,0,0,0,0,0,0,0,,,,,,,,,
228,0,0,0,0,0,0,0,0,0,,,,,,,,,
229,0,0,0,0,0,0,0,0,0,,,,,,,,,
230,0,0,0,0,0,0,0,0,0,,,,,,,,,
231,0,0,0,0,0,0,0,0,0,,,,,,,,,
232,0,0,0,0,0,0,0,0,0,,,,,,,,,
233,0,0,0,0,0,0,0,0,0,,,,,,,,,
234,0,0,0,0,0,0,0,0,0,,,,,,,,,
235,0,0,0,0,0,0,0,0,0,,,,,,,,,
236,0,0,0,0,0,0,0,0,0,,,,,,,,,
237,0,0,0,0,0,0,0,0,0,,,,,,,,,
238,0,0,0,0,0,0,0,0,0,,,,,,,,,
239,0,0,0,0,0,0,0,0,0,,,,,,,,,
240,0,0,0,0,0,0,0,0,0,,,,,,,,,
241,0,0,0,0,0,0,0,0,0,,,,,,,,,
242,0,0,0,0,0,0,0,0,0,,,,,,,,,
243,0,0,0,0,0,0,0,0,0,,,,,,,,,
244,0,0,0,0,0,0,0,0,0,,,,,,,,,
245,0,0,0,0,0,0,0,0,0,,,,,,,,,
246,0,0,0,0,0,0,0,0,0,,,,,,,,,
247,0,0,0,0,0,0,0,0,0,,,,,,,,,
248,0,0,0,0,0,0,0,0,0,,,,,,,,,
249,0,0,0,0,0,0,0,0,0,,,,,,,,,
250,0,0,0,0,0,0,0,0,0,,,,,,,,,
251,0,0,0,0,0,0,0,0,0,,,,,,,,,
252,0,0,0,0,0,0,0,0,0,,,,,,,,,
253,0,0,0,0,0,0,0,0,0,,,,,,,,,
254,0,0,0,0,0,0,0,0,0,,,,,,,,,
255,0,0,0,0,0,0,0,0,0,,,,,,,,,
256,0,0,0,0,0,0,0,0,0,,,,,,,,,
257,0,0,0,0,0,0,0,0,0,,,,,,,,,
258,0,0,0,0,0,0,0,0,0,,,,,,,,,
259,0,0,0,0,0,0,0,0,0,,,,,,,,,
260,0,0,0,0,0,0,0,0,0,,,,,,,,,
261,0,0,0,0,0,0,0,0,0,,,,,,,,,
262,0,0,0,0,0,0,0,0,0,,,,,,,,,
263,0,0,0,0,0,0,0,0,0,,,,,,,,,
264,0,0,0,0,0,0,0,0,0,,,,,,,,,
265,0,0,0,0,0,0,0,0,0,,,,,,,,,
266,0,0,0,0,0,0,0,0,0,,,,,,,,,
267,0,0,0,0,0,0,0,0,0,,,,,,,,,
268,0,0,0,0,0,0,0,0,0,,,,,,,,,
269,0,0,0,0,0,0,0,0,0,,,,,,,,,
270,0,0,0,0,0,0,0,0,0,,,,,,,,,
271,0,0,0,0,0,0,0,0,0,,,,,,,,,
272,0,0,0,0,0,0,0,0,0,,,,,,,,,
273,0,0,0,0,0,0,0,0,0,,,,,,,,,
274,0,0,0,0,0,0,0,0,0,,,,,,,,,
275,0,0,0,0,0,0,0,0,0,,,,,,,,,
276,0,0,0,0,0,0,0,0,0,,,,,,,,,
277,0,0,0,0,0,0,0,0,0,,,,,,,,,
278,0,0,0,0,0,0,0,0,0,,,,,,,,,
279,0,0,0,0,0,0,0,0,0,,,,,,,,,
280,0,0,0,0,0,0,0,0,0,,,,,,,,,
281,0,0,0,0,0,0,0,0,0,,,,,,,,,
282,0,0,0,0,0,0,0,0,0,,,,,,,,,
283,0,0,0,0,0,0,0,0,0,,,,,,,,,
284,0,0,0,0,0,0,0,0,0,,,,,,,,,
285,0,0,0,0,0,0,0,0,0,,,,,,,,,
286,0,0,0,0,0,0,0,0,0,,,,,,,,,
287,0,0,0,0,0,0,0,0,0,,,,,,,,,
288,0,0,0,0,0,0,0,0,0,,,,,,,,,
289,0,0,0,0,0,0,0,0,0,,,,,,,,,
290,0,0,0,0,0,0,0,0,0,,,,,,,,,
291,0,0,0,0,0,0,0,0,0,,,,,,,,,
292,0,0,0,0,0,0,0,0,0,,,,,,,,,
293,0,0,0,0,0,0,0,0,0,,,,,,,,,
294,0,0,0,0,0,0,0,0,0,,,,,,,,,
295,0,0,0,0,0,0,0,0,0,,,,,,,,,
296,0,0,0,0,0,0,0,0,0,,,,,,,,,
297,0,0,0,0,0,0,0,0,0,,,,,,,,,
298,0,0,0,0,0,0,0,0,0,,,,,,,,,
299,0,0,0,0,0,0,0,0,0,,,,,,,,,
300,0,0,0,0,0,0,0,0,0,,,,,,,,,
301,0,0,0,0,0,0,0,0,0,,,,,,,,,
302,0,0,0,0,0,0,0,0,0,,,,,,,,,
303,0,0,0,0,0,0,0,0,0,,,,,,,,,
304,0,0,0,0,0,0,0,0,0,,,,,,,,,
305,0,0,0,0,0,0,0,0,0,,,,,,,,,
306,0,0,0,0,0,0,0,0,0,,,,,,,,,
307,0,0,0,0,0,0,0,0,0,,,,,,,,,
308,0,0,0,0,0,0,0,0,0,,,,,,,,,
309,0,0,0,0,0,0,0,0,0,,,,,,,,,
310,0,0,0,0,0,0,0,0,0,,,,,,,,,
311,0,0,0,0,0,0,0,0,0,,,,,,,,,
312,0,0,0,0,0,0,0,0,0,,,,,,,,,
313,0,0,0,0,0,0,0,0,0,,,,,,,,,
314,0,0,0,0,0,0,0,0,0,,,,,,,,,
315,0,0,0,0,0,0,0,0,0,,,,,,,,,
316,0,0,0,0,0,0,0,0,0,,,,,,,,,
317,0,0,0,0,0,0,0,0,0,,,,,,,,,
318,0,0,0,0,0,0,0,0,0,,,,,,,,,
319,0,0,0,0,0,0,0,0,0,,,,,,,,,
320,0,0,0,0,0,0,0,0,0,,,,,,,,,
321,0,0,0,0,0,0,0,0,0,,,,,,,,,
322,0,0,0,0,0,0,0,0,0,,,,,,,,,
323,0,0,0,0,0,0,0,0,0,,,,,,,,,
324,0,0,0,0,0,0,0,0,0,,,,,,,,,
325,0,0,0,0,0,0,0,0,0,,,,,,,,,
326,0,0,0,0,0,0,0,0,0,,,,,,,,,
327,0,0,0,0,0,0,0,0,0,,,,,,,,,
328,0,0,0,0,0,0,0,0,0,,,,,,,,,
329,0,0,0,0,0,0,0,0,0,,,,,,,,,
330,0,0,0,0,0,0,0,0,0,,,,,,,,,
331,0,0,0,0,0,0,0,0,0,,,,,,,,,
332,0,0,0,0,0,0,0,0,0,,,,,,,,,
333,0,0,0,0,0,0,0,0,0,,,,,,,,,
334,0,0,0,0,0,0,0,0,0,,,,,,,,,
335,0,0,0,0,0,0,0,0,0,,,,,,,,,
336,0,0,0,0,0,0,0,0,0,,,,,,,,,
337,0,0,0,0,0,0,0,0,0,,,,,,,,,
338,0,0,0,0,0,0,0,0,0,,,,,,,,,
339,0,0,0,0,0,0,0,0,0,,,,,,,,,
340,0,0,0,0,0,0,0,0,0,,,,,,,,,
341,0,0,0,0,0,0,0,0,0,,,,,,,,,
342,0,0,0,0,0,0,0,0,0,,,,,,,,,
343,0,0,0,0,0,0,0,0,0,,,,,,,,,
344,0,0,0,0,0,0,0,0,0,,,,,,,,,
345,0,0,0,0,0,0,0,0,0,,,,,,,,,
346,0,0,0,0,0,0,0,0,0,,,,,,,,,
347,0,0,0,0,0,0,0,0,0,,,,,,,,,
348,0,0,0,0,0,0,0,0,0,,,,,,,,,
349,0,0,0,0,0,0,0,0,0,,,,,,,,,
350,0,0,0,0,0,0,0,0,0,,,,,,,,,
351,0,0,0,0,0,0,0,0,0,,,,,,,,,
352,0,0,0,0,0,0,0,0,0,,,,,,,,,
353,0,0,0,0,0,0,0,0,0,,,,,,,,,
354,0,0,0,0,0,0,0,0,0,,,,,,,,,
355,0,0,0,0,0,0,0,0,0,,,,,,,,,
356,0,0,0,0,0,0,0,0,0,,,,,,,,,
357,0,0,0,0,0,0,0,0,0,,,,,,,,,
358,0,0,0,0,0,0,0,0,0,,,,,,,,,
359,0,0,0,0,0,0,0,0,0,,,,,,,,,
360,0,0,0,0,0,0,0,0,0,,,,,,,,,
361,0,0,0,0,0,0,0,0,0,,,,,,,,,
362,0,0,0,0,0,0,0,0,0,,,,,,,,,
363,0,0,0,0,0,0,0,0,0,,,,,,,,,
364,0,0,0,0,0,0,0,0,0,,,,,,,,,
365,0,0,0,0,0,0,0,0,0,,,,,,,,,
366,0,0,0,0,0,0,0,0,0,,,,,,,,,
367,0,0,0,0,0,0,0,0,0,,,,,,,,,
368,0,0,0,0,0,0,0,0,0,,,,,,,,,
369,0,0,0,0,0,0,0,0,0,,,,,,,,,
370,0,0,0,0,0,0,0,0,0,,,,,,,,,
371,0,0,0,0,0,0,0,0,0,,,,,,,,,
372,0,0,0,0,0,0,0,0,0,,,,,,,,,
373,0,0,0,0,0,0,0,0,0,,,,,,,,,
374,0,0,0,0,0,0,0,0,0,,,,,,,,,
375,0,0,0,0,0,0,0,0,0,,,,,,,,,
376,0,0,0,0,0,0,0,0,0,,,,,,,,,
377,0,0,0,0,0,0,0,0,0,,,,,,,,,
378,0,0,0,0,0,0,0,0,0,,,,,,,,,
379,0,0,0,0,0,0,0,0,0,,,,,,,,,
380,0,0,0,0,0,0,0,0,0,,,,,,,,,
381,0,0,0,0,0,0,0,0,0,,,,,,,,,
382,0,0,0,0,0,0,0,0,0,,,,,,,,,
383,0,0,0,0,0,0,0,0,0,,,,,,,,,
384,0,0,0,0,0,0,0,0,0,,,,,,,,,
385,0,0,0,0,0,0,0,0,0,,,,,,,,,
386,0,0,0,0,0,0,0,0,0,,,,,,,,,
387,0,0,0,0,0,0,0,0,0,,,,,,,,,
388,0,0,0,0,0,0,0,0,0,,,,,,,,,
389,0,0,0,0,0,0,0,0,0,,,,,,,,,
390,0,0,0,0,0,0,0,0,0,,,,,,,,,
391,0,0,0,0,0,0,0,0,0,,,,,,,,,
392,0,0,0,0,0,0,0,0,0,,,,,,,,,
393,0,0,0,0,0,0,0,0,0,,,,,,,,,
394,0,0,0,0,0,0,0,0,0,,,,,,,,,
395,0,0,0,0,0,0,0,0,0,,,,,,,,,
396,0,0,0,0,0,0,0,0,0,,,,,,,,,
397,0,0,0,0,0,0,0,0,0,,,,,,,,,
398,0,0,0,0,0,0,0,0,0,,,,,,,,,
399,0,0,0,0,0,0,0,0,0,,,,,,,,,
400,0,0,0,0,0,0,0,0,0,,,,,,,,,
401,0,0,0,0,0,0,0,0,0,,,,,,,,,
402,0,0,0,0,0,0,0,0,0,,,,,,,,,
403,0,0,0,0,0,0,0,0,0,,,,,,,,,
404,0,0,0,0,0,0,0,0,0,,,,,,,,,
405,0,0,0,0,0,0,0,0,0,,,,,,,,,
406,0,0,0,0,0,0,0,0,0,,,,,,,,,
407,0,0,0,0,0,0,0,0,0,,,,,,,,,
408,0,0,0,0,0,0,0,0,0,,,,,,,,,
409,0,0,0,0,0,0,0,0,0,,,,,,,,,
410,0,0,0,0,0,0,0,0,0,,,,,,,,,
411,0,0,0,0,0,0,0,0,0,,,,,,,,,
412,0,0,0,0,0,0,0,0,0,,,,,,,,,
413,0,0,0,0,0,0,0,0,0,,,,,,,,,
414,0,0,0,0,0,0,0,0,0,,,,,,,,,
415,0,0,0,0,0,0,0,0,0,,,,,,,,,
416,0,0,0,0,0,0,0,0,0,,,,,,,,,
417,0,0,0,0,0,0,0,0,0,,,,,,,,,
418,0,0,0,0,0,0,0,0,0,,,,,,,,,
419,0,0,0,0,0,0,0,0,0,,,,,,,,,
420,0,0,0,0,0,0,0,0,0,,,,,,,,,
421,0,0,0,0,0,0,0,0,0,,,,,,,,,
422,0,0,0,0,0,0,0,0,0,,,,,,,,,
423,0,0,0,0,0,0,0,0,0,,,,,,,,,
424,0,0,0,0,0,0,0,0,0,,,,,,,,,
425,0,0,0,0,0,0,0,0,0,,,,,,,,,
426,0,0,0,0,0,0,0,0,0,,,,,,,,,
427,0,0,0,0,0,0,0,0,0,,,,,,,,,
428,0,0,0,0,0,0,0,0,0,,,,,,,,,
429,0,0,0,0,0,0,0,0,0,,,,,,,,,
430,0,0,0,0,0,0,0,0,0,,,,,,,,,
431,0,0,0,0,0,0,0,0,0,,,,,,,,,
432,0,0,0,0,0,0,0,0,0,,,,,,,,,
433,0,0,0,0,0,0,0,0,0,,,,,,,,,
434,0,0,0,0,0,0,0,0,0,,,,,,,,,
435,0,0,0,0,0,0,0,0,0,,,,,,,,,
436,0,0,0,0,0,0,0,0,0,,,,,,,,,
437,0,0,0,0,0,0,0,0,0,,,,,,,,,
438,0,0,0,0,0,0,0,0,0,,,,,,,,,
439,0,0,0,0,0,0,0,0,0,,,,,,,,,
440,0,0,0,0,0,0,0,0,0,,,,,,,,,
441,0,0,0,0,0,0,0,0,0,,,,,,,,,
442,0,0,0,0,0,0,0,0,0,,,,,,,,,
443,0,0,0,0,0,0,0,0,0,,,,,,,,,
444,0,0,0,0,0,0,0,0,0,,,,,,,,,
445,0,0,0,0,0,0,0,0,0,,,,,,,,,
446,0,0,0,0,0,0,0,0,0,,,,,,,,,
447,0,0,0,0,0,0,0,0,0,,,,,,,,,
448,0,0,0,0,0,0,0,0,0,,,,,,,,,
449,0,0,0,0,0,0,0,0,0,,,,,,,,,
450,0,0,0,0,0,0,0,0,0,,,,,,,,,
451,0,0,0,0,0,0,0,0,0,,,,,,,,,
452,0,0,0,0,0,0,0,0,0,,,,,,,,,
453,0,0,0,0,0,0,0,0,0,,,,,,,,,
454,0,0,0,0,0,0,0,0,0,,,,,,,,,
455,0,0,0,0,0,0,0,0,0,,,,,,,,,
456,0,0,0,0,0,0,0,0,0,,,,,,,,,
457,0,0,0,0,0,0,0,0,0,,,,,,,,,
458,0,0,0,0,0,0,0,0,0,,,,,,,,,
459,0,0,0,0,0,0,0,0,0,,,,,,,,,
460,0,0,0,0,0,0,0,0,0,,,,,,,,,
461,0,0,0,0,0,0,0,0,0,,,,,,,,,
462,0,0,0,0,0,0,0,0,0,,,,,,,,,
463,0,0,0,0,0,0,0,0,0,,,,,,,,,
464,0,0,0,0,0,0,0,0,0,,,,,,,,,
465,0,0,0,0,0,0,0,0,0,,,,,,,,,
466,0,0,0,0,0,0,0,0,0,,,,,,,,,
467,0,0,0,0,0,0,0,0,0,,,,,,,,,
468,0,0,0,0,0,0,0,0,0,,,,,,,,,
469,0,0,0,0,0,0,0,0,0,,,,,,,,,
470,0,0,0,0,0,0,0,0,0,,,,,,,,,
471,0,0,0,0,0,0,0,0,0,,,,,,,,,
472,0,0,0,0,0,0,0,0,0,,,,,,,,,
473,0,0,0,0,0,0,0,0,0,,,,,,,,,
474,0,0,0,0,0,0,0,0,0,,,,,,,,,
475,0,0,0,0,0,0,0,0,0,,,,,,,,,
476,0,0,0,0,0,0,0,0,0,,,,,,,,,
477,0,0,0,0,0,0,0,0,0,,,,,,,,,
478,0,0,0,0,0,0,0,0,0,,,,,,,,,
479,0,0,0,0,0,0,0,0,0,,,,,,,,,
480,0,0,0,0,0,0,0,0,0,,,,,,,,,
481,0,0,0,0,0,0,0,0,0,,,,,,,,,
482,0,0,0,0,0,0,0,0,0,,,,,,,,,
483,0,0,0,0,0,0,0,0,0,,,,,,,,,
484,0,0,0,0,0,0,0,0,0,,,,,,,,,
485,0,0,0,0,0,0,0,0,0,,,,,,,,,
486,0,0,0,0,0,0,0,0,0,,,,,,,,,
487,0,0,0,0,0,0,0,0,0,,,,,,,,,
488,0,0,0,0,0,0,0,0,0,,,,,,,,,
489,0,0,0,0,0,0,0,0,0,,,,,,,,,
490,0,0,0,0,0,0,0,0,0,,,,,,,,,
491,0,0,0,0,0,0,0,0,0,,,,,,,,,
492,0,0,0,0,0,0,0,0,0,,,,,,,,,
493,0,0,0,0,0,0,0,0,0,,,,,,,,,
494,0,0,0,0,0,0,0,0,0,,,,,,,,,
495,0,0,0,0,0,0,0,0,0,,,,,,,,,
496,0,0,0,0,0,0,0,0,0,,,,,,,,,
497,0,0,0,0,0,0,0,0,0,,,,,,,,,
498,0,0,0,0,0,0,0,0,0,,,,,,,,,
499,0,0,0,0,0,0,0,0,0,,,,,,,,,
500,0,0,0,0,0,0,0,0,0,,,,,,,,,
501,0,0,0,0,0,0,0,0,0,,,,,,,,,
502,0,0,0,0,0,0,0,0,0,,,,,,,,,
503,0,0,0,0,0,0,0,0,0,,,,,,,,,
504,0,0,0,0,0,0,0,0,0,,,,,,,,,
505,0,0,0,0,0,0,0,0,0,,,,,,,,,
506,0,0,0,0,0,0,0,0,0,,,,,,,,,
507,0,0,0,0,0,0,0,0,0,,,,,,,,,
508,0,0,0,0,0,0,0,0,0,,,,,,,,,
509,0,0,0,0,0,0,0,0,0,,,,,,,,,
510,0,0,0,0,0,0,0,0,0,,,,,,,,,
511,0,0,0,0,0,0,0,0,0,,,,,,,,,
512,0,0,0,0,0,0,0,0,0,,,,,,,,,
513,0,0,0,0,0,0,0,0,0,,,,,,,,,
514,0,0,0,0,0,0,0,0,0,,,,,,,,,
515,0,0,0,0,0,0,0,0,0,,,,,,,,,
516,0,0,0,0,0,0,0,0,0,,,,,,,,,
517,0,0,0,0,0,0,0,0,0,,,,,,,,,
518,0,0,0,0,0,0,0,0,0,,,,,,,,,
519,0,0,0,0,0,0,0,0,0,,,,,,,,,
520,0,0,0,0,0,0,0,0,0,,,,,,,,,
521,0,0,0,0,0,0,0,0,0,,,,,,,,,
522,0,0,0,0,0,0,0,0,0,,,,,,,,,
523,0,0,0,0,0,0,0,0,0,,,,,,,,,
524,0,0,0,0,0,0,0,0,0,,,,,,,,,
525,0,0,0,0,0,0,0,0,0,,,,,,,,,
526,0,0,0,0,0,0,0,0,0,,,,,,,,,
527,0,0,0,0,0,0,0,0,0,,,,,,,,,
528,0,0,0,0,0,0,0,0,0,,,,,,,,,
529,0,0,0,0,0,0,0,0,0,,,,,,,,,
530,0,0,0,0,0,0,0,0,0,,,,,,,,,
531,0,0,0,0,0,0,0,0,0,,,,,,,,,
532,0,0,0,0,0,0,0,0,0,,,,,,,,,
533,0,0,0,0,0,0,0,0,0,,,,,,,,,
534,0,0,0,0,0,0,0,0,0,,,,,,,,,
535,0,0,0,0,0,0,0,0,0,,,,,,,,,
536,0,0,0,0,0,0,0,0,0,,,,,,,,,
537,0,0,0,0,0,0,0,0,0,,,,,,,,,
538,0,0,0,0,0,0,0,0,0,,,,,,,,,
539,0,0,0,0,0,0,0,0,0,,,,,,,,,
540,0,0,0,0,0,0,0,0,0,,,,,,,,,
541,0,0,0,0,0,0,0,0,0,,,,,,,,,
542,0,0,0,0,0,0,0,0,0,,,,,,,,,
543,0,0,0,0,0,0,0,0,0,,,,,,,,,
544,0,0,0,0,0,0,0,0,0,,,,,,,,,
545,0,0,0,0,0,0,0,0,0,,,,,,,,,
546,0,0,0,0,0,0,0,0,0,,,,,,,,,
547,0,0,0,0,0,0,0,0,0,,,,,,,,,
548,0,0,0,0,0,0,0,0,0,,,,,,,,,
549,0,0,0,0,0,0,0,0,0,,,,,,,,,
550,0,0,0,0,0,0,0,0,0,,,,,,,,,
551,0,0,0,0,0,0,0,0,0,,,,,,,,,
552,0,0,0,0,0,0,0,0,0,,,,,,,,,
553,0,0,0,0,0,0,0,0,0,,,,,,,,,
554,0,0,0,0,0,0,0,0,0,,,,,,,,,
555,0,0,0,0,0,0,0,0,0,,,,,,,,,
556,0,0,0,0,0,0,0,0,0,,,,,,,,,
557,0,0,0,0,0,0,0,0,0,,,,,,,,,
558,0,0,0,0,0,0,0,0,0,,,,,,,,,
559,0,0,0,0,0,0,0,0,0,,,,,,,,,
560,0,0,0,0,0,0,0,0,0,,,,,,,,,
561,0,0,0,0,0,0,0,0,0,,,,,,,,,
562,0,0,0,0,0,0,0,0,0,,,,,,,,,
563,0,0,0,0,0,0,0,0,0,,,,,,,,,
564,0,0,0,0,0,0,0,0,0,,,,,,,,,
565,0,0,0,0,0,0,0,0,0,,,,,,,,,
566,0,0,0,0,0,0,0,0,0,,,,,,,,,
567,0,0,0,0,0,0,0,0,0,,,,,,,,,
568,0,0,0,0,0,0,0,0,0,,,,,,,,,
569,0,0,0,0,0,0,0,0,0,,,,,,,,,
570,0,0,0,0,0,0,0,0,0,,,,,,,,,
571,0,0,0,0,0,0,0,0,0,,,,,,,,,
572,0,0,0,0,0,0,0,0,0,,,,,,,,,
573,0,0,0,0,0,0,0,0,0,,,,,,,,,
574,0,0,0,0,0,0,0,0,0,,,,,,,,,
575,0,0,0,0,0,0,0,0,0,,,,,,,,,
576,0,0,0,0,0,0,0,0,0,,,,,,,,,
577,0,0,0,0,0,0,0,0,0,,,,,,,,,
578,0,0,0,0,0,0,0,0,0,,,,,,,,,
579,0,0,0,0,0,0,0,0,0,,,,,,,,,
580,0,0,0,0,0,0,0,0,0,,,,,,,,,
581,0,0,0,0,0,0,0,0,0,,,,,,,,,
582,0,0,0,0,0,0,0,0,0,,,,,,,,,
583,0,0,0,0,0,0,0,0,0,,,,,,,,,
584,0,0,0,0,0,0,0,0,0,,,,,,,,,
585,0,0,0,0,0,0,0,0,0,,,,,,,,,
586,0,0,0,0,0,0,0,0,0,,,,,,,,,
587,0,0,0,0,0,0,0,0,0,,,,,,,,,
588,0,0,0,0,0,0,0,0,0,,,,,,,,,
589,0,0,0,0,0,0,0,0,0,,,,,,,,,
590,0,0,0,0,0,0,0,0,0,,,,,,,,,
591,0,0,0,0,0,0,0,0,0,,,,,,,,,
592,0,0,0,0,0,0,0,0,0,,,,,,,,,
593,0,0,0,0,0,0,0,0,0,,,,,,,,,
594,0,0,0,0,0,0,0,0,0,,,,,,,,,
595,0,0,0,0,0,0,0,0,0,,,,,,,,,
596,0,0,0,0,0,0,0,0,0,,,,,,,,,
597,0,0,0,0,0,0,0,0,0,,,,,,,,,
598,0,0,0,0,0,0,0,0,0,,,,,,,,,
599,0,0,0,0,0,0,0,0,0,,,,,,,,,
600,0,0,0,0,0,0,0,0,0,,,,,,,,,
601,0,0,0,0,0,0,0,0,0,,,,,,,,,
602,0,0,0,0,0,0,0,0,0,,,,,,,,,
603,0,0,0,0,0,0,0,0,0,,,,,,,,,
604,0,0,0,0,0,0,0,0,0,,,,,,,,,
605,0,0,0,0,0,0,0,0,0,,,,,,,,,
606,0,0,0,0,0,0,0,0,0,,,,,,,,,
607,0,0,0,0,0,0,0,0,0,,,,,,,,,
608,0,0,0,0,0,0,0,0,0,,,,,,,,,
609,0,0,0,0,0,0,0,0,0,,,,,,,,,
610,0,0,0,0,0,0,0,0,0,,,,,,,,,
611,0,0,0,0,0,0,0,0,0,,,,,,,,,
612,0,0,0,0,0,0,0,0,0,,,,,,,,,
613,0,0,0,0,0,0,0,0,0,,,,,,,,,
614,0,0,0,0,0,0,0,0,0,,,,,,,,,
615,0,0,0,0,0,0,0,0,0,,,,,,,,,
616,0,0,0,0,0,0,0,0,0,,,,,,,,,
617,0,0,0,0,0,0,0,0,0,,,,,,,,,
618,0,0,0,0,0,0,0,0,0,,,,,,,,,
619,0,0,0,0,0,0,0,0,0,,,,,,,,,
620,0,0,0,0,0,0,0,0,0,,,,,,,,,
621,0,0,0,0,0,0,0,0,0,,,,,,,,,
622,0,0,0,0,0,0,0,0,0,,,,,,,,,
623,0,0,0,0,0,0,0,0,0,,,,,,,,,
624,0,0,0,0,0,0,0,0,0,,,,,,,,,
625,0,0,0,0,0,0,0,0,0,,,,,,,,,
626,0,0,0,0,0,0,0,0,0,,,,,,,,,
627,0,0,0,0,0,0,0,0,0,,,,,,,,,
628,0,0,0,0,0,0,0,0,0,,,,,,,,,
629,0,0,0,0,0,0,0,0,0,,,,,,,,,
630,0,0,0,0,0,0,0,0,0,,,,,,,,,
631,0,0,0,0,0,0,0,0,0,,,,,,,,,
632,0,0,0,0,0,0,0,0,0,,,,,,,,,
633,0,0,0,0,0,0,0,0,0,,,,,,,,,
634,0,0,0,0,0,0,0,0,0,,,,,,,,,
635,0,0,0,0,0,0,0,0,0,,,,,,,,,
636,0,0,0,0,0,0,0,0,0,,,,,,,,,
637,0,0,0,0,0,0,0,0,0,,,,,,,,,
638,0,0,0,0,0,0,0,0,0,,,,,,,,,
639,0,0,0,0,0,0,0,0,0,,,,,,,,,
640,0,0,0,0,0,0,0,0,0,,,,,,,,,
641,0,0,0,0,0,0,0,0,0,,,,,,,,,
642,0,0,0,0,0,0,0,0,0,,,,,,,,,
643,0,0,0,0,0,0,0,0,0,,,,,,,,,
644,0,0,0,0,0,0,0,0,0,,,,,,,,,
645,0,0,0,0,0,0,0,0,0,,,,,,,,,
646,0,0,0,0,0,0,0,0,0,,,,,,,,,
647,0,0,0,0,0,0,0,0,0,,,,,,,,,
648,0,0,0,0,0,0,0,0,0,,,,,,,,,
649,0,0,0,0,0,0,0,0,0,,,,,,,,,
650,0,0,0,0,0,0,0,0,0,,,,,,,,,
651,0,0,0,0,0,0,0,0,0,,,,,,,,,
652,0,0,0,0,0,0,0,0,0,,,,,,,,,
653,0,0,0,0,0,0,0,0,0,,,,,,,,,
654,0,0,0,0,0,0,0,0,0,,,,,,,,,
655,0,0,0,0,0,0,0,0,0,,,,,,,,,
656,0,0,0,0,0,0,0,0,0,,,,,,,,,
657,0,0,0,0,0,0,0,0,0,,,,,,,,,
658,0,0,0,0,0,0,0,0,0,,,,,,,,,
659,0,0,0,0,0,0,0,0,0,,,,,,,,,
660,0,0,0,0,0,0,0,0,0,,,,,,,,,
661,0,0,0,0,0,0,0,0,0,,,,,,,,,
662,0,0,0,0,0,0,0,0,0,,,,,,,,,
663,0,0,0,0,0,0,0,0,0,,,,,,,,,
664,0,0,0,0,0,0,0,0,0,,,,,,,,,
665,0,0,0,0,0,0,0,0,0,,,,,,,,,
666,0,0,0,0,0,0,0,0,0,,,,,,,,,
667,0,0,0,0,0,0,0,0,0,,,,,,,,,
668,0,0,0,0,0,0,0,0,0,,,,,,,,,
669,0,0,0,0,0,0,0,0,0,,,,,,,,,
670,0,0,0,0,0,0,0,0,0,,,,,,,,,
671,0,0,0,0,0,0,0,0,0,,,,,,,,,
672,0,0,0,0,0,0,0,0,0,,,,,,,,,
673,0,0,0,0,0,0,0,0,0,,,,,,,,,
674,0,0,0,0,0,0,0,0,0,,,,,,,,,
675,0,0,0,0,0,0,0,0,0,,,,,,,,,
676,0,0,0,0,0,0,0,0,0,,,,,,,,,
677,0,0,0,0,0,0,0,0,0,,,,,,,,,
678,0,0,0,0,0,0,0,0,0,,,,,,,,,
679,0,0,0,0,0,0,0,0,0,,,,,,,,,
680,0,0,0,0,0,0,0,0,0,,,,,,,,,
681,0,0,0,0,0,0,0,0,0,,,,,,,,,
682,0,0,0,0,0,0,0,0,0,,,,,,,,,
683,0,0,0,0,0,0,0,0,0,,,,,,,,,
684,0,0,0,0,0,0,0,0,0,,,,,,,,,
685,0,0,0,0,0,0,0,0,0,,,,,,,,,
686,0,0,0,0,0,0,0,0,0,,,,,,,,,
687,0,0,0,0,0,0,0,0,0,,,,,,,,,
688,0,0,0,0,0,0,0,0,0,,,,,,,,,
689,0,0,0,0,0,0,0,0,0,,,,,,,,,
690,0,0,0,0,0,0,0,0,0,,,,,,,,,
691,0,0,0,0,0,0,0,0,0,,,,,,,,,
692,0,0,0,0,0,0,0,0,0,,,,,,,,,
693,0,0,0,0,0,0,0,0,0,,,,,,,,,
694,0,0,0,0,0,0,0,0,0,,,,,,,,,
695,0,0,0,0,0,0,0,0,0,,,,,,,,,
696,0,0,0,0,0,0,0,0,0,,,,,,,,,
697,0,0,0,0,0,0,0,0,0,,,,,,,,,
698,0,0,0,0,0,0,0,0,0,,,,,,,,,
699,0,0,0,0,0,0,0,0,0,,,,,,,,,
700,0,0,0,0,0,0,0,0,0,,,,,,,,,
701,0,0,0,0,0,0,0,0,0,,,,,,,,,
702,0,0,0,0,0,0,0,0,0,,,,,,,,,
703,0,0,0,0,0,0,0,0,0,,,,,,,,,
704,0,0,0,0,0,0,0,0,0,,,,,,,,,
705,0,0,0,0,0,0,0,0,0,,,,,,,,,
706,0,0,0,0,0,0,0,0,0,,,,,,,,,
707,0,0,0,0,0,0,0,0,0,,,,,,,,,
708,0,0,0,0,0,0,0,0,0,,,,,,,,,
709,0,0,0,0,0,0,0,0,0,,,,,,,,,
710,0,0,0,0,0,0,0,0,0,,,,,,,,,
711,0,0,0,0,0,0,0,0,0,,,,,,,,,
712,0,0,0,0,0,0,0,0,0,,,,,,,,,
713,0,0,0,0,0,0,0,0,0,,,,,,,,,
714,0,0,0,0,0,0,0,0,0,,,,,,,,,
715,0,0,0,0,0,0,0,0,0,,,,,,,,,
716,0,0,0,0,0,0,0,0,0,,,,,,,,,
717,0,0,0,0,0,0,0,0,0,,,,,,,,,
718,0,0,0,0,0,0,0,0,0,,,,,,,,,
719,0,0,0,0,0,0,0,0,0,,,,,,,,,
720,0,0,0,0,0,0,0,0,0,,,,,,,,,
721,0,0,0,0,0,0,0,0,0,,,,,,,,,
722,0,0,0,0,0,0,0,0,0,,,,,,,,,
723,0,0,0,0,0,0,0,0,0,,,,,,,,,
724,0,0,0,0,0,0,0,0,0,,,,,,,,,
725,0,0,0,0,0,0,0,0,0,,,,,,,,,
726,0,0,0,0,0,0,0,0,0,,,,,,,,,
727,0,0,0,0,0,0,0,0,0,,,,,,,,,
728,0,0,0,0,0,0,0,0,0,,,,,,,,,
729,0,0,0,0,0,0,0,0,0,,,,,,,,,
730,0,0,0,0,0,0,0,0,0,,,,,,,,,
731,0,0,0,0,0,0,0,0,0,,,,,,,,,
732,0,0,0,0,0,0,0,0,0,,,,,,,,,
733,0,0,0,0,0,0,0,0,0,,,,,,,,,
734,0,0,0,0,0,0,0,0,0,,,,,,,,,
735,0,0,0,0,0,0,0,0,0,,,,,,,,,
736,0,0,0,0,0,0,0,0,0,,,,,,,,,
737,0,0,0,0,0,0,0,0,0,,,,,,,,,
738,0,0,0,0,0,0,0,0,0,,,,,,,,,
739,0,0,0,0,0,0,0,0,0,,,,,,,,,
740,0,0,0,0,0,0,0,0,0,,,,,,,,,
741,0,0,0,0,0,0,0,0,0,,,,,,,,,
742,0,0,0,0,0,0,0,0,0,,,,,,,,,
743,0,0,0,0,0,0,0,0,0,,,,,,,,,
744,0,0,0,0,0,0,0,0,0,,,,,,,,,
745,0,0,0,0,0,0,0,0,0,,,,,,,,,
746,0,0,0,0,0,0,0,0,0,,,,,,,,,
747,0,0,0,0,0,0,0,0,0,,,,,,,,,
748,0,0,0,0,0,0,0,0,0,,,,,,,,,
749,0,0,0,0,0,0,0,0,0,,,,,,,,,
750,0,0,0,0,0,0,0,0,0,,,,,,,,,
751,0,0,0,0,0,0,0,0,0,,,,,,,,,
752,0,0,0,0,0,0,0,0,0,,,,,,,,,
753,0,0,0,0,0,0,0,0,0,,,,,,,,,
754,0,0,0,0,0,0,0,0,0,,,,,,,,,
755,0,0,0,0,0,0,0,0,0,,,,,,,,,
756,0,0,0,0,0,0,0,0,0,,,,,,,,,
757,0,0,0,0,0,0,0,0,0,,,,,,,,,
758,0,0,0,0,0,0,0,0,0,,,,,,,,,
759,0,0,0,0,0,0,0,0,0,,,,,,,,,
760,0,0,0,0,0,0,0,0,0,,,,,,,,,
761,0,0,0,0,0,0,0,0,0,,,,,,,,,
762,0,0,0,0,0,0,0,0,0,,,,,,,,,
763,0,0,0,0,0,0,0,0,0,,,,,,,,,
764,0,0,0,0,0,0,0,0,0,,,,,,,,,
765,0,0,0,0,0,0,0,0,0,,,,,,,,,
766,0,0,0,0,0,0,0,0,0,,,,,,,,,
767,0,0,0,0,0,0,0,0,0,,,,,,,,,
768,0,0,0,0,0,0,0,0,0,,,,,,,,,
769,0,0,0,0,0,0,0,0,0,,,,,,,,,
770,0,0,0,0,0,0,0,0,0,,,,,,,,,
771,0,0,0,0,0,0,0,0,0,,,,,,,,,
772,0,0,0,0,0,0,0,0,0,,,,,,,,,
773,0,0,0,0,0,0,0,0,0,,,,,,,,,
774,0,0,0,0,0,0,0,0,0,,,,,,,,,
775,0,0,0,0,0,0,0,0,0,,,,,,,,,
776,0,0,0,0,0,0,0,0,0,,,,,,,,,
777,0,0,0,0,0,0,0,0,0,,,,,,,,,
778,0,0,0,0,0,0,0,0,0,,,,,,,,,
779,0,0,0,0,0,0,0,0,0,,,,,,,,,
780,0,0,0,0,0,0,0,0,0,,,,,,,,,
781,0,0,0,0,0,0,0,0,0,,,,,,,,,
782,0,0,0,0,0,0,0,0,0,,,,,,,,,
783,0,0,0,0,0,0,0,0,0,,,,,,,,,
784,0,0,0,0,0,0,0,0,0,,,,,,,,,
785,0,0,0,0,0,0,0,0,0,,,,,,,,,
786,0,0,0,0,0,0,0,0,0,,,,,,,,,
787,0,0,0,0,0,0,0,0,0,,,,,,,,,
788,0,0,0,0,0,0,0,0,0,,,,,,,,,
789,0,0,0,0,0,0,0,0,0,,,,,,,,,
790,0,0,0,0,0,0,0,0,0,,,,,,,,,
791,0,0,0,0,0,0,0,0,0,,,,,,,,,
792,0,0,0,0,0,0,0,0,0,,,,,,,,,
793,0,0,0,0,0,0,0,0,0,,,,,,,,,
794,0,0,0,0,0,0,0,0,0,,,,,,,,,
795,0,0,0,0,0,0,0,0,0,,,,,,,,,
796,0,0,0,0,0,0,0,0,0,,,,,,,,,
797,0,0,0,0,0,0,0,0,0,,,,,,,,,
798,0,0,0,0,0,0,0,0,0,,,,,,,,,
799,0,0,0,0,0,0,0,0,0,,,,,,,,,
800,0,0,0,0,0,0,0,0,0,,,,,,,,,
801,0,0,0,0,0,0,0,0,0,,,,,,,,,
802,0,0,0,0,0,0,0,0,0,,,,,,,,,
803,0,0,0,0,0,0,0,0,0,,,,,,,,,
804,0,0,0,0,0,0,0,0,0,,,,,,,,,
805,0,0,0,0,0,0,0,0,0,,,,,,,,,
806,0,0,0,0,0,0,0,0,0,,,,,,,,,
807,0,0,0,0,0,0,0,0,0,,,,,,,,,
808,0,0,0,0,0,0,0,0,0,,,,,,,,,
809,0,0,0,0,0,0,0,0,0,,,,,,,,,
810,0,0,0,0,0,0,0,0,0,,,,,,,,,
811,0,0,0,0,0,0,0,0,0,,,,,,,,,
812,0,0,0,0,0,0,0,0,0,,,,,,,,,
813,0,0,0,0,0,0,0,0,0,,,,,,,,,
814,0,0,0,0,0,0,0,0,0,,,,,,,,,
815,0,0,0,0,0,0,0,0,0,,,,,,,,,
816,0,0,0,0,0,0,0,0,0,,,,,,,,,
817,0,0,0,0,0,0,0,0,0,,,,,,,,,
818,0,0,0,0,0,0,0,0,0,,,,,,,,,
819,0,0,0,0,0,0,0,0,0,,,,,,,,,
820,0,0,0,0,0,0,0,0,0,,,,,,,,,
821,0,0,0,0,0,0,0,0,0,,,,,,,,,
822,0,0,0,0,0,0,0,0,0,,,,,,,,,
823,0,0,0,0,0,0,0,0,0,,,,,,,,,
824,0,0,0,0,0,0,0,0,0,,,,,,,,,
825,0,0,0,0,0,0,0,0,0,,,,,,,,,
826,0,0,0,0,0,0,0,0,0,,,,,,,,,
827,0,0,0,0,0,0,0,0,0,,,,,,,,,
828,0,0,0,0,0,0,0,0,0,,,,,,,,,
829,0,0,0,0,0,0,0,0,0,,,,,,,,,
830,0,0,0,0,0,0,0,0,0,,,,,,,,,
831,0,0,0,0,0,0,0,0,0,,,,,,,,,
832,0,0,0,0,0,0,0,0,0,,,,,,,,,
833,0,0,0,0,0,0,0,0,0,,,,,,,,,
834,0,0,0,0,0,0,0,0,0,,,,,,,,,
835,0,0,0,0,0,0,0,0,0,,,,,,,,,
836,0,0,0,0,0,0,0,0,0,,,,,,,,,
837,0,0,0,0,0,0,0,0,0,,,,,,,,,
838,0,0,0,0,0,0,0,0,0,,,,,,,,,
839,0,0,0,0,0,0,0,0,0,,,,,,,,,
840,0,0,0,0,0,0,0,0,0,,,,,,,,,
841,0,0,0,0,0,0,0,0,0,,,,,,,,,
842,0,0,0,0,0,0,0,0,0,,,,,,,,,
843,0,0,0,0,0,0,0,0,0,,,,,,,,,
844,0,0,0,0,0,0,0,0,0,,,,,,,,,
845,0,0,0,0,0,0,0,0,0,,,,,,,,,
846,0,0,0,0,0,0,0,0,0,,,,,,,,,
847,0,0,0,0,0,0,0,0,0,,,,,,,,,
848,0,0,0,0,0,0,0,0,0,,,,,,,,,
849,0,0,0,0,0,0,0,0,0,,,,,,,,,
850,0,0,0,0,0,0,0,0,0,,,,,,,,,
851,0,0,0,0,0,0,0,0,0,,,,,,,,,
852,0,0,0,0,0,0,0,0,0,,,,,,,,,
853,0,0,0,0,0,0,0,0,0,,,,,,,,,
854,0,0,0,0,0,0,0,0,0,,,,,,,,,
855,0,0,0,0,0,0,0,0,0,,,,,,,,,
856,0,0,0,0,0,0,0,0,0,,,,,,,,,
857,0,0,0,0,0,0,0,0,0,,,,,,,,,
858,0,0,0,0,0,0,0,0,0,,,,,,,,,
859,0,0,0,0,0,0,0,0,0,,,,,,,,,
860,0,0,0,0,0,0,0,0,0,,,,,,,,,
861,0,0,0,0,0,0,0,0,0,,,,,,,,,
862,0,0,0,0,0,0,0,0,0,,,,,,,,,
863,0,0,0,0,0,0,0,0,0,,,,,,,,,
864,0,0,0,0,0,0,0,0,0,,,,,,,,,
865,0,0,0,0,0,0,0,0,0,,,,,,,,,
866,0,0,0,0,0,0,0,0,0,,,,,,,,,
867,0,0,0,0,0,0,0,0,0,,,,,,,,,
868,0,0,0,0,0,0,0,0,0,,,,,,,,,
869,0,0,0,0,0,0,0,0,0,,,,,,,,,
870,0,0,0,0,0,0,0,0,0,,,,,,,,,
871,0,0,0,0,0,0,0,0,0,,,,,,,,,
872,0,0,0,0,0,0,0,0,0,,,,,,,,,
873,0,0,0,0,0,0,0,0,0,,,,,,,,,
874,0,0,0,0,0,0,0,0,0,,,,,,,,,
875,0,0,0,0,0,0,0,0,0,,,,,,,,,
876,0,0,0,0,0,0,0,0,0,,,,,,,,,
877,0,0,0,0,0,0,0,0,0,,,,,,,,,
878,0,0,0,0,0,0,0,0,0,,,,,,,,,
879,0,0,0,0,0,0,0,0,0,,,,,,,,,
880,0,0,0,0,0,0,0,0,0,,,,,,,,,
881,0,0,0,0,0,0,0,0,0,,,,,,,,,
882,0,0,0,0,0,0,0,0,0,,,,,,,,,
883,0,0,0,0,0,0,0,0,0,,,,,,,,,
884,0,0,0,0,0,0,0,0,0,,,,,,,,,
885,0,0,0,0,0,0,0,0,0,,,,,,,,,
886,0,0,0,0,0,0,0,0,0,,,,,,,,,
887,0,0,0,0,0,0,0,0,0,,,,,,,,,
888,0,0,0,0,0,0,0,0,0,,,,,,,,,
889,0,0,0,0,0,0,0,0,0,,,,,,,,,
890,0,0,0,0,0,0,0,0,0,,,,,,,,,
891,0,0,0,0,0,0,0,0,0,,,,,,,,,
892,0,0,0,0,0,0,0,0,0,,,,,,,,,
893,0,0,0,0,0,0,0,0,0,,,,,,,,,
894,0,0,0,0,0,0,0,0,0,,,,,,,,,
895,0,0,0,0,0,0,0,0,0,,,,,,,,,
896,0,0,0,0,0,0,0,0,0,,,,,,,,,
897,0,0,0,0,0,0,0,0,0,,,,,,,,,
898,0,0,0,0,0,0,0,0,0,,,,,,,,,
899,0,0,0,0,0,0,0,0,0,,,,,,,,,
900,0,0,0,0,0,0,0,0,0,,,,,,,,,
901,0,0,0,0,0,0,0,0,0,,,,,,,,,
902,0,0,0,0,0,0,0,0,0,,,,,,,,,
903,0,0,0,0,0,0,0,0,0,,,,,,,,,
904,0,0,0,0,0,0,0,0,0,,,,,,,,,
905,0,0,0,0,0,0,0,0,0,,,,,,,,,
906,0,0,0,0,0,0,0,0,0,,,,,,,,,
907,0,0,0,0,0,0,0,0,0,,,,,,,,,
908,0,0,0,0,0,0,0,0,0,,,,,,,,,
909,0,0,0,0,0,0,0,0,0,,,,,,,,,
910,0,0,0,0,0,0,0,0,0,,,,,,,,,
911,0,0,0,0,0,0,0,0,0,,,,,,,,,
912,0,0,0,0,0,0,0,0,0,,,,,,,,,
913,0,0,0,0,0,0,0,0,0,,,,,,,,,
914,0,0,0,0,0,0,0,0,0,,,,,,,,,
915,0,0,0,0,0,0,0,0,0,,,,,,,,,
916,0,0,0,0,0,0,0,0,0,,,,,,,,,
917,0,0,0,0,0,0,0,0,0,,,,,,,,,
918,0,0,0,0,0,0,0,0,0,,,,,,,,,
919,0,0,0,0,0,0,0,0,0,,,,,,,,,
920,0,0,0,0,0,0,0,0,0,,,,,,,,,
921,0,0,0,0,0,0,0,0,0,,,,,,,,,
922,0,0,0,0,0,0,0,0,0,,,,,,,,,
923,0,0,0,0,0,0,0,0,0,,,,,,,,,
924,0,0,0,0,0,0,0,0,0,,,,,,,,,
925,0,0,0,0,0,0,0,0,0,,,,,,,,,
926,0,0,0,0,0,0,0,0,0,,,,,,,,,
927,0,0,0,0,0,0,0,0,0,,,,,,,,,
928,0,0,0,0,0,0,0,0,0,,,,,,,,,
929,0,0,0,0,0,0,0,0,0,,,,,,,,,
930,0,0,0,0,0,0,0,0,0,,,,,,,,,
931,0,0,0,0,0,0,0,0,0,,,,,,,,,
932,0,0,0,0,0,0,0,0,0,,,,,,,,,
933,0,0,0,0,0,0,0,0,0,,,,,,,,,
934,0,0,0,0,0,0,0,0,0,,,,,,,,,
935,0,0,0,0,0,0,0,0,0,,,,,,,,,
936,0,0,0,0,0,0,0,0,0,,,,,,,,,
937,0,0,0,0,0,0,0,0,0,,,,,,,,,
938,0,0,0,0,0,0,0,0,0,,,,,,,,,
939,0,0,0,0,0,0,0,0,0,,,,,,,,,
940,0,0,0,0,0,0,0,0,0,,,,,,,,,
941,0,0,0,0,0,0,0,0,0,,,,,,,,,
942,0,0,0,0,0,0,0,0,0,,,,,,,,,
943,0,0,0,0,0,0,0,0,0,,,,,,,,,
944,0,0,0,0,0,0,0,0,0,,,,,,,,,
945,0,0,0,0,0,0,0,0,0,,,,,,,,,
946,0,0,0,0,0,0,0,0,0,,,,,,,,,
947,0,0,0,0,0,0,0,0,0,,,,,,,,,
948,0,0,0,0,0,0,0,0,0,,,,,,,,,
949,0,0,0,0,0,0,0,0,0,,,,,,,,,
950,0,0,0,0,0,0,0,0,0,,,,,,,,,
951,0,0,0,0,0,0,0,0,0,,,,,,,,,
952,0,0,0,0,0,0,0,0,0,,,,,,,,,
953,0,0,0,0,0,0,0,0,0,,,,,,,,,
954,0,0,0,0,0,0,0,0,0,,,,,,,,,
955,0,0,0,0,0,0,0,0,0,,,,,,,,,
956,0,0,0,0,0,0,0,0,0,,,,,,,,,
957,0,0,0,0,0,0,0,0,0,,,,,,,,,
958,0,0,0,0,0,0,0,0,0,,,,,,,,,
959,0,0,0,0,0,0,0,0,0,,,,,,,,,
960,0,0,0,0,0,0,0,0,0,,,,,,,,,
961,0,0,0,0,0,0,0,0,0,,,,,,,,,
962,0,0,0,0,0,0,0,0,0,,,,,,,,,
963,0,0,0,0,0,0,0,0,0,,,,,,,,,
964,0,0,0,0,0,0,0,0,0,,,,,,,,,
965,0,0,0,0,0,0,0,0,0,,,,,,,,,
966,0,0,0,0,0,0,0,0,0,,,,,,,,,
967,0,0,0,0,0,0,0,0,0,,,,,,,,,
968,0,0,0,0,0,0,0,0,0,,,,,,,,,
969,0,0,0,0,0,0,0,0,0,,,,,,,,,
970,0,0,0,0,0,0,0,0,0,,,,,,,,,
971,0,0,0,0,0,0,0,0,0,,,,,,,,,
972,0,0,0,0,0,0,0,0,0,,,,,,,,,
973,0,0,0,0,0,0,0,0,0,,,,,,,,,
974,0,0,0,0,0,0,0,0,0,,,,,,,,,
975,0,0,0,0,0,0,0,0,0,,,,,,,,,
976,0,0,0,0,0,0,0,0,0,,,,,,,,,
977,0,0,0,0,0,0,0,0,0,,,,,,,,,
978,0,0,0,0,0,0,0,0,0,,,,,,,,,
979,0,0,0,0,0,0,0,0,0,,,,,,,,,
980,0,0,0,0,0,0,0,0,0,,,,,,,,,
981,0,0,0,0,0,0,0,0,0,,,,,,,,,
982,0,0,0,0,0,0,0,0,0,,,,,,,,,
983,0,0,0,0,0,0,0,0,0,,,,,,,,,
984,0,0,0,0,0,0,0,0,0,,,,,,,,,
985,0,0,0,0,0,0,0,0,0,,,,,,,,,
986,0,0,0,0,0,0,0,0,0,,,,,,,,,
